المملكة العربية السعودية,منطقة الرياض,الرياض
المملكة العربية السعودية,منطقة الرياض,الخرج
المملكة العربية السعودية,منطقة الرياض,الدرعية
المملكة العربية السعودية,منطقة الرياض,الافلاج
المملكة العربية السعودية,منطقة الرياض,الدوادمي
المملكة العربية السعودية,منطقة الرياض,الحريق
المملكة العربية السعودية,منطقة الرياض,الزلفي
المملكة العربية السعودية,منطقة الرياض,السليل
المملكة العربية السعودية,منطقة الرياض,الغاط
المملكة العربية السعودية,منطقة الرياض,القويعية
المملكة العربية السعودية,منطقة الرياض,المجمعة
المملكة العربية السعودية,منطقة الرياض,المزاحمية
المملكة العربية السعودية,منطقة الرياض,الهياثم
المملكة العربية السعودية,منطقة الرياض,ثادق
المملكة العربية السعودية,منطقة الرياض,حريملاء
المملكة العربية السعودية,منطقة الرياض,حوطة بني تميم
المملكة العربية السعودية,منطقة الرياض,رماح
المملكة العربية السعودية,منطقة الرياض,شقراء
المملكة العربية السعودية,منطقة الرياض,ضرما
المملكة العربية السعودية,منطقة الرياض,عفيف
المملكة العربية السعودية,منطقة الرياض,وادي الدواسر
المملكة العربية السعودية,المنطقة الشرقية,الاحساء
المملكة العربية السعودية,المنطقة الشرقية,الجبيل
المملكة العربية السعودية,المنطقة الشرقية,الخبر
المملكة العربية السعودية,المنطقة الشرقية,الخفجي
المملكة العربية السعودية,المنطقة الشرقية,الدمام
المملكة العربية السعودية,المنطقة الشرقية,العديد
المملكة العربية السعودية,المنطقة الشرقية,العليا
المملكة العربية السعودية,المنطقة الشرقية,القطيف
المملكة العربية السعودية,المنطقة الشرقية,النعيرية
المملكة العربية السعودية,المنطقة الشرقية,حفر الباطن
المملكة العربية السعودية,المنطقة الشرقية,راس تنورة
المملكة العربية السعودية,مكة المكرمة,مكة المكرمة
المملكة العربية السعودية,مكة المكرمة,الطايف
المملكة العربية السعودية,مكة المكرمة,جدة
المملكة العربية السعودية,مكة المكرمة,اضم
المملكة العربية السعودية,مكة المكرمة,الجموم
المملكة العربية السعودية,مكة المكرمة,الخرمة
المملكة العربية السعودية,مكة المكرمة,العرضيات
المملكة العربية السعودية,مكة المكرمة,القنفذة
المملكة العربية السعودية,مكة المكرمة,الكامل
المملكة العربية السعودية,مكة المكرمة,الليث
المملكة العربية السعودية,مكة المكرمة,بحرة
المملكة العربية السعودية,مكة المكرمة,تربة
المملكة العربية السعودية,مكة المكرمة,خليص
المملكة العربية السعودية,مكة المكرمة,رابغ
المملكة العربية السعودية,مكة المكرمة,رنية
المملكة العربية السعودية,منطقة الباحة,الباحة
المملكة العربية السعودية,منطقة الباحة,العقيق
المملكة العربية السعودية,منطقة الباحة,القرى
المملكة العربية السعودية,منطقة الباحة,المخواه
المملكة العربية السعودية,منطقة الباحة,المندق
المملكة العربية السعودية,منطقة الباحة,بلجرشي
المملكة العربية السعودية,منطقة الباحة,فرعة غامد الزناد
المملكة العربية السعودية,منطقة الباحة,قلوة
المملكة العربية السعودية,منطقة الجوف,القريات
المملكة العربية السعودية,منطقة الجوف,دومة الجندل
المملكة العربية السعودية,منطقة الجوف,سكاكا
المملكة العربية السعودية,منطقة الحدود الشمالية,رفحاء
المملكة العربية السعودية,منطقة الحدود الشمالية,طريف
المملكة العربية السعودية,منطقة الحدود الشمالية,عرعر
المملكة العربية السعودية,منطقة القصيم,عنيزة
المملكة العربية السعودية,منطقة القصيم,بريدة
المملكة العربية السعودية,منطقة القصيم,البكيرية
المملكة العربية السعودية,منطقة القصيم,الرس
المملكة العربية السعودية,منطقة القصيم,البدائع
المملكة العربية السعودية,منطقة القصيم,الاسياح
المملكة العربية السعودية,منطقة القصيم,الشماسية
المملكة العربية السعودية,منطقة القصيم,المذنب
المملكة العربية السعودية,منطقة القصيم,النبهانية
المملكة العربية السعودية,منطقة القصيم,رياض الخبراء
المملكة العربية السعودية,منطقة القصيم,عيون الجواء
المملكة العربية السعودية,منطقة المدينة,المدينة المنورة
المملكة العربية السعودية,منطقة المدينة,العلاء
المملكة العربية السعودية,منطقة المدينة,الحناكية
المملكة العربية السعودية,منطقة المدينة,بدر
المملكة العربية السعودية,منطقة المدينة,خيبر
المملكة العربية السعودية,منطقة المدينة,مهد الذهب
المملكة العربية السعودية,منطقة المدينة,وادي الفرع
المملكة العربية السعودية,منطقة المدينة,ينبع البحر
المملكة العربية السعودية,منطقة تبوك,الوجه
المملكة العربية السعودية,منطقة تبوك,املج
المملكة العربية السعودية,منطقة تبوك,تبوك
المملكة العربية السعودية,منطقة تبوك,تيماء
المملكة العربية السعودية,منطقة تبوك,حقل
المملكة العربية السعودية,منطقة تبوك,ضباء
المملكة العربية السعودية,منطقة جازان,جيزان
المملكة العربية السعودية,منطقة جازان,أبو عريش
المملكة العربية السعودية,منطقة جازان,احد المسارحه
المملكة العربية السعودية,منطقة جازان,الحرث
المملكة العربية السعودية,منطقة جازان,الدائر
المملكة العربية السعودية,منطقة جازان,الدرب
المملكة العربية السعودية,منطقة جازان,الريث
المملكة العربية السعودية,منطقة جازان,الطوال
المملكة العربية السعودية,منطقة جازان,العارضة
المملكة العربية السعودية,منطقة جازان,العيدابي
المملكة العربية السعودية,منطقة جازان,بيش
المملكة العربية السعودية,منطقة جازان,صامطة
المملكة العربية السعودية,منطقة جازان,صبياء
المملكة العربية السعودية,منطقة جازان,ضمد
المملكة العربية السعودية,منطقة جازان,فرسان
المملكة العربية السعودية,منطقة جازان,هروب
المملكة العربية السعودية,منطقة حائل,حائل
المملكة العربية السعودية,منطقة حائل,الحائط
المملكة العربية السعودية,منطقة حائل,السليمي
المملكة العربية السعودية,منطقة حائل,الشملي
المملكة العربية السعودية,منطقة حائل,الشنان
المملكة العربية السعودية,منطقة حائل,الغزالة
المملكة العربية السعودية,منطقة حائل,بقعاء
المملكة العربية السعودية,منطقة حائل,حائل
المملكة العربية السعودية,منطقة عسير,ابهاء
المملكة العربية السعودية,منطقة عسير,احد رفيدة
المملكة العربية السعودية,منطقة عسير,البرك
المملكة العربية السعودية,منطقة عسير,المجاردة
المملكة العربية السعودية,منطقة عسير,النماص
المملكة العربية السعودية,منطقة عسير,بارق
المملكة العربية السعودية,منطقة عسير,بيشة
المملكة العربية السعودية,منطقة عسير,تثليث
المملكة العربية السعودية,منطقة عسير,خميس مشيط
المملكة العربية السعودية,منطقة عسير,رجال المع
المملكة العربية السعودية,منطقة عسير,سراة عبيدة
المملكة العربية السعودية,منطقة عسير,طريب
المملكة العربية السعودية,منطقة عسير,ظهران الجنوب
المملكة العربية السعودية,منطقة عسير,محافظة بلقرن
المملكة العربية السعودية,منطقة عسير,محايل
المملكة العربية السعودية,منطقة نجران,الخرخير
المملكة العربية السعودية,منطقة نجران,بدر الجنوب
المملكة العربية السعودية,منطقة نجران,ثار
المملكة العربية السعودية,منطقة نجران,حبونا
المملكة العربية السعودية,منطقة نجران,خباش
المملكة العربية السعودية,منطقة نجران,شرورة
المملكة العربية السعودية,منطقة نجران,نجران
المملكة العربية السعودية,منطقة نجران,يدمة
الامارات العربية المتحدة,آبو ظبي,آبو ظبي
الامارات العربية المتحدة,آبو ظبي,الغربية
الامارات العربية المتحدة,آبو ظبي,المنطقةالشرقية
الامارات العربية المتحدة,آبو ظبي,غدير الطير
الامارات العربية المتحدة,آبو ظبي,غنتوت
الامارات العربية المتحدة,إمارة أم القيون,أم القيوين
الامارات العربية المتحدة,إمارة أم القيون,السلمة
الامارات العربية المتحدة,إمارة الشارقة,البطائح
الامارات العربية المتحدة,إمارة الشارقة,الحمرية
الامارات العربية المتحدة,إمارة الشارقة,الشارقة
الامارات العربية المتحدة,إمارة الشارقة,المدام
الامارات العربية المتحدة,إمارة الشارقة,خورفكان
الامارات العربية المتحدة,إمارة راس الخيمة,راس الخيمة
الامارات العربية المتحدة,الفجيرة,الفجيرة
الامارات العربية المتحدة,الفجيرة,دبا الفجيرة
الامارات العربية المتحدة,دبي,دبي
الامارات العربية المتحدة,دبي,الليسيلي
الامارات العربية المتحدة,دبي,حتا
الامارات العربية المتحدة,دبي,لهباب
الامارات العربية المتحدة,دبي,مرغم
الامارات العربية المتحدة,دبي,مرقب
الامارات العربية المتحدة,عجمان,المنامة
الامارات العربية المتحدة,عجمان,سيح مديدة
الكويت,الاحمدي,أبو حليفة
الكويت,الاحمدي,الخيران
الكويت,الاحمدي,الرقة
الكويت,الاحمدي,الزور
الكويت,الاحمدي,الشعيبة قطعه 1
الكويت,الاحمدي,الصباحية
الكويت,الجهراء,الجهراء
الكويت,الجهراء,الصليبية
الكويت,الجهراء,العبدلي
الكويت,الجهراء,جابر الاحمد
الكويت,الجهراء,كبد
الكويت,العاصمة,الاندلس
الكويت,العاصمة,الخالدية
الكويت,العاصمة,الدعية
الكويت,العاصمة,الدوحة
الكويت,العاصمة,الدسمة
الكويت,العاصمة,الرقعي
الكويت,العاصمة,الري
الكويت,العاصمة,اليرموك
الكويت,العاصمة,الروضة
الكويت,العاصمة,السرة
الكويت,العاصمة,الصليبيخات
الكويت,العاصمة,العديلية
الكويت,العاصمة,الفيحاء
الكويت,العاصمة,القادسية
الكويت,العاصمة,المنصورية
الكويت,العاصمة,المنطقة الحرة
الكويت,العاصمة,النزهة
الكويت,العاصمة,النهضة
الكويت,العاصمة,الدرعية
الكويت,العاصمة,بنيد القار
الكويت,العاصمة,جنوب الدوحة
الكويت,العاصمة,شمال غرب الصليبيخات
الكويت,العاصمة,شويخ الصحية
الكويت,العاصمة,ضاحية عبدالله السالم
الكويت,العاصمة,غرناطة
الكويت,العاصمة,مدينة الكويت
الكويت,العاصمة,قرطبة
الكويت,حولي,البدع
الكويت,حولي,الجابرية
الكويت,حولي,الزهراء
الكويت,حولي,السالمية
الكويت,حولي,السلام
الكويت,حولي,الشعب
الكويت,حولي,الشهداء
الكويت,حولي,الصديق
الكويت,حولي,بيان
الكويت,حولي,حطين
الكويت,حولي,سلوى
الكويت,حولي,مدينة الكويت
الكويت,مبارك الكبير,أبو الحصانية
الكويت,مبارك الكبير,أبو فطيرة
الكويت,مبارك الكبير,العدان
الكويت,مبارك الكبير,القرين
الكويت,مبارك الكبير,القصور
الكويت,مبارك الكبير,المسايل
الكويت,مبارك الكبير,المسيله
الكويت,مبارك الكبير,صباح السالم
الكويت,مبارك الكبير,فنيطيس
الكويت,مبارك الكبير,مبارك الكبير
الكويت,محافظة الفروانية,إشبيلية
الكويت,محافظة الفروانية,الرابية
الكويت,محافظة الفروانية,الرحاب
الكويت,محافظة الفروانية,الشدادية
الكويت,محافظة الفروانية,الضجيج
الكويت,محافظة الفروانية,العارضية
الكويت,محافظة الفروانية,الفروانية
الكويت,محافظة الفروانية,جليب الشيوخ
الكويت,محافظة الفروانية,خيطان
الكويت,محافظة الفروانية,عبدالله المبارك الصباح
عمان,محافظة البريمي,البريمي
عمان,محافظة البريمي,ولاية السنينة
عمان,محافظة الداخلية,آدم
عمان,محافظة الداخلية,ازكي
عمان,محافظة الداخلية,الحمراء
عمان,محافظة الداخلية,بدبد
عمان,محافظة الداخلية,بهلاء
عمان,محافظة الداخلية,سمائل
عمان,محافظة الداخلية,ولاية منح
عمان,محافظة الداخلية,ولاية نزوى
عمان,محافظة الظاهرة,ولاية ضنك
عمان,محافظة الظاهرة,ولاية عبري
عمان,محافظة الظاهرة,ولاية ينقل
عمان,محافظة الوسطى,الدقم
عمان,محافظة الوسطى,هيما
عمان,محافظة جنوب الباطنة,العوابي
عمان,محافظة جنوب الباطنة,ولاية الرستاق
عمان,محافظة جنوب الباطنة,ولاية السويق
عمان,محافظة جنوب الباطنة,ولاية بركاء
عمان,محافظة جنوب الشرقية,جعلان بني بو حسن
عمان,محافظة جنوب الشرقية,جعلان بني بو علي
عمان,محافظة شمال الباطنة,لوى
عمان,محافظة شمال الباطنة,ولاية شناص
عمان,محافظة شمال الباطنة,ولاية صحار
عمان,محافظة شمال الباطنة,ولاية صحم
عمان,محافظة شمال الشرقية,القابل
عمان,محافظة شمال الشرقية,دما والطائيين
عمان,محافظة شمال الشرقية,سناو
عمان,محافظة ظفار,المزيونة
عمان,محافظة ظفار,ثُمريت
عمان,محافظة ظفار,رخيوت
عمان,محافظة ظفار,سدح
عمان,محافظة ظفار,صلالة
عمان,محافظة ظفار,ظلكوت
عمان,محافظة ظفار,مرباط
عمان,محافظة ظفار,ولاية طاقة
عمان,محافظة مسقط,الرسيل
عمان,محافظة مسقط,السيب
عمان,محافظة مسقط,العامرات
عمان,محافظة مسقط,بندر الجصة
عمان,محافظة مسقط,حلبان
عمان,محافظة مسقط,رملة
عمان,محافظة مسقط,مسقط
عمان,محافظة مسقط,ولاية قريات
عمان,محافظة مسندم,بخاء
عمان,محافظة مسندم,خصب
عمان,محافظة مسندم,دبا عمان
عمان,محافظة مسندم,ليمه
عمان,محافظة مسندم,ولاية مدحاء
قطر,أم صلال,أم العمد
قطر,أم صلال,أم صلال
قطر,أم صلال,أم صلال عل
قطر,أم صلال,أم عبيرية
قطر,الخور,الخور
قطر,الخور,الذخيرة
قطر,الخور,الظاهرة
قطر,الخور,الغويرية
قطر,الخور,مدينة الكعبان
قطر,الدوحة,الدوحة
قطر,الريان,أم الأفاعي
قطر,الريان,الريان
قطر,الريان,العامرية
قطر,الريان,الكرعانة
قطر,الريان,مكينس
قطر,الشحانية,أم باب
قطر,الشحانية,الجميلية
قطر,الشحانية,الشحانية
قطر,الشحانية,العطورية
قطر,الشحانية,العوينة
قطر,الشحانية,دخان
قطر,الشحانية,روضة راشد
قطر,الشحانية,زكريت
قطر,الشمال,الرويس
قطر,الشمال,القريه
قطر,الشمال,المفجر
قطر,الشمال,النعمان
قطر,الشمال,فويرط
قطر,الوكرة,الخرارة
قطر,الوكرة,الوكرة
قطر,الوكرة,الوكير
قطر,الوكرة,مسيعيد
البحرين,المحافظة الجنوبية,الرفاع
البحرين,المحافظة الجنوبية,الزلاق
البحرين,المحافظة الجنوبية,عسكر
البحرين,المحافظة الجنوبية,عوالي
البحرين,المحافظة الشمالية,الدراز
البحرين,المحافظة الشمالية,المالكية
البحرين,المحافظة الشمالية,دار كليب
البحرين,المحافظة الشمالية,سلماباد
البحرين,المحافظة الشمالية,عالي
البحرين,المحافظة الشمالية,مدينة حمد
البحرين,محافظة العاصمة,البرهامة
البحرين,محافظة العاصمة,الصالحية
البحرين,محافظة العاصمة,العكر
البحرين,محافظة العاصمة,المنامة
البحرين,محافظة العاصمة,جدحفص
البحرين,محافظة العاصمة,سند
البحرين,محافظة المحرق,المحرق
البحرين,محافظة المحرق,عراد
مصر,القاهرة,الأزبكية
مصر,القاهرة,الزمالك
مصر,القاهرة,الظهير الصحراوى لمحافظة القاهرة
مصر,القاهرة,المرج
مصر,القاهرة,الوايلى
مصر,القاهرة,بدر
مصر,القاهرة,ثانى القاهرة الجديدة
مصر,القاهرة,عابدين
مصر,القاهرة,قسم اول السلام
مصر,القاهرة,قسم أول القاهرة الجديدة
مصر,القاهرة,قسم الاميريه
مصر,القاهرة,قسم البساتين
مصر,القاهرة,قسم الجمالية
مصر,القاهرة,قسم الخليفة
مصر,القاهرة,قسم الزاوية الحمراء
مصر,القاهرة,قسم الزيتون
مصر,القاهرة,قسم الساحل
مصر,القاهرة,قسم السيدة زينب
مصر,القاهرة,قسم المطرية
مصر,القاهرة,قسم المعادي
مصر,القاهرة,قسم المقطم
مصر,القاهرة,قسم النزهة
مصر,القاهرة,قسم ثالث القاهره الجديده
مصر,القاهرة,قسم حدائق القبة
مصر,القاهرة,قسم حلوان
مصر,القاهرة,قسم دار السلام
مصر,القاهرة,قسم عين شمس
مصر,القاهرة,قسم قصر النيل
مصر,القاهرة,قسم مصر الجديدة
مصر,القاهرة,قسم مصر القديمة
مصر,القاهرة,قسم منشأة ناصر
مصر,القاهرة,مدينة نصر
مصر,اسوان,أبو سمبل
مصر,اسوان,اول اسوان
مصر,اسوان,قسم أسوان
مصر,اسوان,مركز إدفو
مصر,اسوان,مركز كوم أمبو
مصر,اسوان,نصر
مصر,اسيوط,أبو تيج
مصر,اسيوط,اسيوط الجديدة
مصر,اسيوط,قسم أول أسيوط
مصر,اسيوط,مركز أبنوب
مصر,اسيوط,مركز البدارى
مصر,اسيوط,مركز الغنايم
مصر,اسيوط,مركز القوصية
مصر,اسيوط,مركز ديروط
مصر,اسيوط,مركز ساحل سليم
مصر,اسيوط,مركز صدفا
مصر,اسيوط,مركز منفلوط
مصر,الإسكندرية,الساحل الشمالى
مصر,الإسكندرية,العطارين
مصر,الإسكندرية,قسم أول الرمل
مصر,الإسكندرية,قسم أول العامرية
مصر,الإسكندرية,قسم أول المنتزة
مصر,الإسكندرية,قسم الدخيلة
مصر,الإسكندرية,قسم باب شرقي
مصر,الإسكندرية,قسم ثان الرمل
مصر,الإسكندرية,قسم ثان المنتزة
مصر,الإسكندرية,قسم سيدى جابر
مصر,الإسكندرية,قسم مينا البصل
مصر,الإسكندرية,محرم بك
مصر,الإسكندرية,مدينه برج العرب الجديدة
مصر,الإسماعيلية,أبو صوير
مصر,الإسماعيلية,قسم القنطرة شرق
مصر,الإسماعيلية,قسم ثان الاسماعيلية
مصر,الإسماعيلية,مركز التل الكبير
مصر,الإسماعيلية,مركز فايد
مصر,البحر الأحمر,القصير
مصر,البحر الأحمر,راس غارب
مصر,البحر الأحمر,سفاجا
مصر,البحر الأحمر,قسم الشلاتين
مصر,البحر الأحمر,قسم ثان الغردقة
مصر,البحر الأحمر,قسم مرسى علم
مصر,البحيرة,قسم دمنهور
مصر,البحيرة,قسم كفر الدوار
مصر,البحيرة,مركز أبو المطامير
مصر,البحيرة,مركز أبو حمص
مصر,البحيرة,مركز إدكو
مصر,البحيرة,مركز إيتاى البارود
مصر,البحيرة,مركز الدلنجات
مصر,البحيرة,مركز الرحمانية
مصر,البحيرة,مركز المحمودية
مصر,البحيرة,مركز بدر
مصر,البحيرة,مركز حوش عيسى
مصر,البحيرة,مركز رشيد
مصر,البحيرة,مركز شبراخيت
مصر,البحيرة,مركز كوم حمادة
مصر,البحيرة,مركز وادى النطرون
مصر,الجيزة,أبو النمرس
مصر,الجيزة,إمبابة
مصر,الجيزة,الحوامدية
مصر,الجيزة,الطالبية
مصر,الجيزة,الظهير الصحراوي لمحافظة الجيزة
مصر,الجيزة,العياط
مصر,الجيزة,الهرم
مصر,الجيزة,الواحات البحرية
مصر,الجيزة,بولاق الدكرور
مصر,الجيزة,حي العجوزة
مصر,الجيزة,قسم أول 6 أكتوبر
مصر,الجيزة,قسم الجيزة
مصر,الجيزة,قسم الدقي
مصر,الجيزة,قسم الشيخ زايد
مصر,الجيزة,قسم العمرانية
مصر,الجيزة,قسم الواحات البحرية
مصر,الجيزة,قسم الوراق
مصر,الجيزة,قسم ثان 6 أكتوبر
مصر,الجيزة,مركز أوسيم
مصر,الجيزة,مركز البدرشين
مصر,الجيزة,مركز الصف
مصر,الجيزة,مركز كرداسة
مصر,الجيزة,منشأة القناطر
مصر,الدقهلية,المنصورة
مصر,الدقهلية,تمى الامديد
مصر,الدقهلية,قسم الكردى
مصر,الدقهلية,قسم ميت غمر
مصر,الدقهلية,مركز أجا
مصر,الدقهلية,مركز الجمالية
مصر,الدقهلية,مركز السنبلاوين
مصر,الدقهلية,مركز المطرية
مصر,الدقهلية,مركز بلقاس
مصر,الدقهلية,مركز بنى عبيد
مصر,الدقهلية,مركز دكرنس
مصر,الدقهلية,مركز شربين
مصر,الدقهلية,مركز طلخا
مصر,الدقهلية,مركز محلة دمنة
مصر,الدقهلية,مركز منية النصر
مصر,الدقهلية,مركز ميت سلسيل
مصر,الدقهلية,مركز نبروة
مصر,السويس,السويس
مصر,السويس,الظهير الصحراوى لمحافظة السويس
مصر,السويس,عتاقة
مصر,السويس,فيصل
مصر,الشرقية,ديرب نجم
مصر,الشرقية,قسم أول الزقازيق
مصر,الشرقية,قسم أول مدينة عشرة رمضان
مصر,الشرقية,قسم الصالحية الجديدة
مصر,الشرقية,قسم القرين
مصر,الشرقية,قسم القنايات
مصر,الشرقية,قسم ثان الزقازيق
مصر,الشرقية,قسم فاقوس
مصر,الشرقية,مركز أبو حماد
مصر,الشرقية,مركز أبو كبير
مصر,الشرقية,مركز أولاد صقر
مصر,الشرقية,مركز الإبراهيمية
مصر,الشرقية,مركز الحسينية
مصر,الشرقية,مركز الزقازيق
مصر,الشرقية,مركز بلبيس
مصر,الشرقية,مركز صان الحجر
مصر,الشرقية,مركز كفر صقر
مصر,الشرقية,مركز مشتول السوق
مصر,الشرقية,مركز مينا القمح
مصر,الشرقية,مركز ههيا
مصر,الغربية,السنطه
مصر,الغربية,زفتى
مصر,الغربية,قسم أول طنطا
مصر,الغربية,قسم ثان المحلة الكبرى
مصر,الغربية,مركز بسيون
مصر,الغربية,مركز سمنود
مصر,الغربية,مركز طنطا
مصر,الغربية,مركز قطور
مصر,الغربية,مركز كفر الزيات
مصر,الفيوم,أطسا
مصر,الفيوم,الظهير الصحراوى لمحافظة الفيوم
مصر,الفيوم,مركز أبشواى
مصر,الفيوم,مركز الفيوم
مصر,الفيوم,مركز سنورس
مصر,الفيوم,مركز طامية
مصر,القليوبية,العبور
مصر,القليوبية,القناطر الخيرية
مصر,القليوبية,بنها
مصر,القليوبية,شبين القناطر
مصر,القليوبية,طوخ
مصر,القليوبية,قسم أول شبرا الخيمة
مصر,القليوبية,قسم الخصوص
مصر,القليوبية,قسم ثان شبرا الخيمة
مصر,القليوبية,قسم قها
مصر,القليوبية,مركز قليوب
مصر,القليوبية,مركز كفر شكر
مصر,المنوفية,الباجور
مصر,المنوفية,السادات
مصر,المنوفية,قسم مدينة منوف
مصر,المنوفية,مدينه سرس الليانة
مصر,المنوفية,مركز أشمون
مصر,المنوفية,مركز الشهداء
مصر,المنوفية,مركز بركة السبع
مصر,المنوفية,مركز تلا
مصر,المنوفية,مركز شبين الكوم
مصر,المنوفية,مركز قويسنا
مصر,المنوفية,مركز منوف
مصر,المنيا,الظهير الصحراوى لمحافظة المنيا
مصر,المنيا,المنيا
مصر,المنيا,سمالوط
مصر,المنيا,قسم ملوى
مصر,المنيا,مدينة المنيا الجديدة
مصر,المنيا,مركز ابو قرقاص
مصر,المنيا,مركز العدوة
مصر,المنيا,مركز بنى مزار
مصر,المنيا,مركز دير مواس
مصر,المنيا,مركز مطاى
مصر,المنيا,مركز مغاغة
مصر,الوادي الجديد,الظهير الصحراوى الوادى الجديد
مصر,الوادي الجديد,الظهير الصحراوى للفرافرة
مصر,الوادي الجديد,الواحات الداخلة
مصر,الوادي الجديد,قسم الواحات الخارجة
مصر,الوادي الجديد,قسم الواحات الداخلة
مصر,الوادي الجديد,مركز الفرافرة
مصر,بور سعيد,بور فؤاد
مصر,جنوب سيناء,أبو رديس
مصر,جنوب سيناء,راس سدر
مصر,جنوب سيناء,شرم الشيخ
مصر,جنوب سيناء,قسم الطور
مصر,جنوب سيناء,قسم دهب
مصر,جنوب سيناء,قسم سانت كاترين
مصر,جنوب سيناء,قسم نويبع
مصر,دمياط,قسم رأس البر
مصر,دمياط,قسم مدينه دمياط الجديده
مصر,دمياط,كفر سعد
مصر,دمياط,مركز الزرقا
مصر,دمياط,مركز دمياط
مصر,دمياط,مركز فارسكور
مصر,دمياط,مركز كفر البطيخ
مصر,سوهاج,قسم ثان سوهاج
مصر,سوهاج,قسم طهطا
مصر,سوهاج,قسم مدينة جرجا
مصر,سوهاج,مركز أخميم
مصر,سوهاج,مركز البلينا
مصر,سوهاج,مركز المراغة
مصر,سوهاج,مركز المنشأة
مصر,سوهاج,مركز جهينة الغربية
مصر,سوهاج,مركز ساقلتة
مصر,سوهاج,مركز سوهاج
مصر,سوهاج,مركز طما
مصر,شمال سيناء,قسم الحسنة
مصر,شمال سيناء,قسم الشيخ زويد
مصر,شمال سيناء,قسم بئر العبد
مصر,شمال سيناء,قسم ثالث العريش
مصر,شمال سيناء,قسم رفح
مصر,شمال سيناء,قسم نخل
مصر,قنا,الظهير الصحراوى لمحافظة قنا
مصر,قنا,فرشوط
مصر,قنا,قفط
مصر,قنا,مركز أبو طشت
مصر,قنا,مركز الوقف
مصر,قنا,مركز دشنا
مصر,قنا,مركز نقادة
مصر,قنا,نجع حمادي
مصر,كفر الشيخ,فوه
مصر,كفر الشيخ,قسم اول مدينة كفر الشيخ
مصر,كفر الشيخ,قسم بيلا
مصر,كفر الشيخ,قسم ثانى مدينة كفر الشيخ
مصر,كفر الشيخ,مركز البرلس
مصر,كفر الشيخ,مركز الحامول
مصر,كفر الشيخ,مركز الرياض
مصر,كفر الشيخ,مركز دسوق
مصر,كفر الشيخ,مركز سيدى سالم
مصر,كفر الشيخ,مركز قلين
مصر,كفر الشيخ,مركز مطوبس
مصر,محافظة الأقصر,أرمنت
مصر,محافظة الأقصر,إسنا
مصر,محافظة الأقصر,القرنة
مصر,محافظة الأقصر,مركز الأقصر
مصر,محافظة بني سويف,أهناسيا
مصر,محافظة بني سويف,الفشن
مصر,محافظة بني سويف,ببا
مصر,محافظة بني سويف,بنى سويف الجديدة
مصر,محافظة بني سويف,قسم بنى سويف
مصر,محافظة بني سويف,مركز الواسطى
مصر,محافظة بني سويف,مركز سمسطا
مصر,محافظة بني سويف,مركز ناصر
مصر,مطروح,الظهير الصحراوى لسيوه
مصر,مطروح,العلمين
مصر,مطروح,قسم الضبعة
مصر,مطروح,قسم سيدى برانى
مصر,مطروح,قسم مارينا العلمين السياحي
مصر,مطروح,قسم مرسى مطروح
مصر,مطروح,مركز الحمام
السودان,البحر الأحمر,بروتسودان
السودان,الجزيرة,ام القرى
السودان,الجزيرة,جنوب الجزيرة
السودان,الشمالية,دنقلا
السودان,القضارف,القضارف
السودان,النيل الأزرق,الدماززين
السودان,شمال كردفان,ام روابة
السودان,شمال كردفان,بارا
السودان,كسلا,كسلا
السودان,كسلا,نهر عطبرة
السودان,نيل الابييع,الجباليان
السودان,نيل الابييع,الدويم
السودان,نيل الابييع,كوستي
السودان,ولاية الخرطوم,أم درمان
السودان,ولاية الخرطوم,الخرطوم
السودان,ولاية الخرطوم,الخرطوم بحري
السودان,ولاية جنوب دارفور,نيالا
السودان,ولاية جنوب كردفان,كادقلي
السودان,ولاية سنار,سنار
السودان,ولاية سنار,سنجة
السودان,ولاية شرق دارفور,لدين
السودان,ولاية شمال دارفور,الفاشر
السودان,ولاية غرب دارفور,الجنينة
السودان,ولاية غرب كردفان,السلام
السودان,ولاية غرب كردفان,النهود
السودان,ولاية غرب كردفان,بابنوسة
السودان,ولية نهر النيل,الدامر
السودان,ولية نهر النيل,شندي
العراق,أربيل محافظة,أربيل
العراق,أربيل محافظة,شقلاوة
العراق,أربيل محافظة,ميركسور
العراق,الانبار محافظة,الرطبة
العراق,الانبار محافظة,الرمادي
العراق,الانبار محافظة,الفلوجة
العراق,الانبار محافظة,القائم
العراق,الانبار محافظة,حديثة
العراق,الانبار محافظة,عانة
العراق,الانبار محافظة,هيت
العراق,البصرة محافظة,أبو الخصيب
العراق,البصرة محافظة,البصرة
العراق,البصرة محافظة,الزبير
العراق,البصرة محافظة,الفاو
العراق,البصرة محافظة,القرنة
العراق,البصرة محافظة,المدينة
العراق,البصرة محافظة,الهارثة
العراق,السليمانية محافظة,السليمانية
العراق,السليمانية محافظة,بشدر
العراق,السليمانية محافظة,حلبجة
العراق,السليمانية محافظة,رانيه
العراق,السليمانية محافظة,شارباريز
العراق,السليمانية محافظة,شمشمال
العراق,السليمانية محافظة,كلار
العراق,القادسية محافظة,الشامية
العراق,القادسية محافظة,ديوانية
العراق,القادسية محافظة,عفك
العراق,المثنى محافظة,الرميثة
العراق,المثنى محافظة,السلمان
العراق,المثنى محافظة,السماوه
العراق,النجف محافظة,الكوفة
العراق,بابل محافظة,الحلة
العراق,بابل محافظة,المحاويل
العراق,بابل محافظة,المسيب
العراق,بابل محافظة,الهاشمية
العراق,بابل محافظة,اليوسيفية
العراق,بغداد محافظة,ابو غريب
العراق,بغداد محافظة,الفحامة
العراق,بغداد محافظة,بغداد
العراق,دهوك محافظة,العمادية
العراق,دهوك محافظة,دهوك
العراق,دهوك محافظة,زاخو
العراق,ديالي محافظة,المدين
العراق,ديالي محافظة,المقدادية
العراق,ديالي محافظة,بعقوبة
العراق,ديالي محافظة,بلدروز
العراق,ديالي محافظة,جسر ديالى
العراق,ديالي محافظة,خانقين
العراق,ذي قار محافظة,الرفاعي
العراق,ذي قار محافظة,الشبايش
العراق,ذي قار محافظة,الشطرة
العراق,ذي قار محافظة,سوق الشيوخ
العراق,ذي قار محافظة,ناصرية
العراق,صلاح الديم محافظة,الدور
العراق,صلاح الديم محافظة,الشرقاط
العراق,صلاح الديم محافظة,الضلوعية
العراق,صلاح الديم محافظة,الفارس
العراق,صلاح الديم محافظة,بلد
العراق,صلاح الديم محافظة,بيجي
العراق,صلاح الديم محافظة,تكريت
العراق,صلاح الديم محافظة,سامراء
العراق,صلاح الديم محافظة,طوز
العراق,كربلا محافظة,الهندية
العراق,كربلا محافظة,كربلاء
العراق,كركوك محافظة,داقدوق
العراق,كركوك محافظة,كركوك
العراق,كركوك محافظة,مخمور
العراق,ميسان محافظة,العمارة
العراق,ميسان محافظة,الميمونة
العراق,ميسان محافظة,علي الغربي
العراق,نينوى محافظة,الحضر
العراق,نينوى محافظة,الحمدانية
العراق,نينوى محافظة,الشيخان
العراق,نينوى محافظة,الموصل
العراق,نينوى محافظة,تلعفر
العراق,نينوى محافظة,تلكيف
العراق,نينوى محافظة,سنجار
العراق,نينوى محافظة,عقرة
العراق,واسط محافظة,الحي
العراق,واسط محافظة,الصويرة
العراق,واسط محافظة,الكوت
العراق,واسط محافظة,النعمانية
العراق,واسط محافظة,بدرة
المغرب,جهة الدار البيضاء سطات,إقليم سطات
المغرب,جهة الدار البيضاء سطات,الجديدة
المغرب,جهة الدار البيضاء سطات,الدار البيضاء
المغرب,جهة الدار البيضاء سطات,النواصر
المغرب,جهة الدار البيضاء سطات,بن سليمان
المغرب,جهة الدار البيضاء سطات,سيدي رحُال
المغرب,جهة الدار البيضاء سطات,محافظة برشيد
المغرب,جهة الرباط سلا القنيطرة,إقليم الخميسات
المغرب,جهة الرباط سلا القنيطرة,الرباط
المغرب,جهة الرباط سلا القنيطرة,القنيطرة
المغرب,جهة الرباط سلا القنيطرة,سلا
المغرب,جهة الرباط سلا القنيطرة,سيدي قاسم
المغرب,جهة الرباط سلا القنيطرة,عمالة الصخيرات تمارة
المغرب,جهة الشرق,إقليم الدريوش
المغرب,جهة الشرق,إقليم الناظور
المغرب,جهة الشرق,إقليم بركان
المغرب,جهة الشرق,إقليم جرادة
المغرب,جهة الشرق,إقليم جرسيف
المغرب,جهة الشرق,إقليم فجيج
المغرب,جهة الشرق,عمالة وجدة أنجاد
المغرب,جهة العيون الساقية الحمراء,العيون
المغرب,جهة بني ملال خنيفرة,إقليم بني ملال
المغرب,جهة بني ملال خنيفرة,إقليم خريبكة
المغرب,جهة بني ملال خنيفرة,اقليم الفقيه بن صالح
المغرب,جهة درعة تافيلالت,إقليم الرشيدية
المغرب,جهة درعة تافيلالت,إقليم تنغير
المغرب,جهة درعة تافيلالت,إقليم زاكورة
المغرب,جهة درعة تافيلالت,مقاطعة دي ميدلت
المغرب,جهة سوس ماسة,إقليم أغادير - أدا وتنان
المغرب,جهة سوس ماسة,إقليم تارودانت
المغرب,جهة سوس ماسة,إقليم تزنيت
المغرب,جهة سوس ماسة,إنزكان-أيت ملول
المغرب,جهة سوس ماسة,طاطا
المغرب,جهة طنجة تطوان الحسيمة,إقليم الحسيمة
المغرب,جهة طنجة تطوان الحسيمة,إقليم تطوان
المغرب,جهة طنجة تطوان الحسيمة,عمالة المضيق الفنيدق
المغرب,جهة طنجة تطوان الحسيمة,عمالة طنجة أصيلة
المغرب,جهة فاس مكناس,إقليم إفران
المغرب,جهة فاس مكناس,إقليم تازة
المغرب,جهة فاس مكناس,إقليم تاونات
المغرب,جهة فاس مكناس,إقليم صفرو
المغرب,جهة فاس مكناس,محافظة مكناس
المغرب,جهة كلميم واد نون,كلميم
المغرب,جهة مراكش آسفي,آسفي
المغرب,جهة مراكش آسفي,الحوز
المغرب,جهة مراكش آسفي,الرحامنة
المغرب,جهة مراكش آسفي,الصويرة
المغرب,جهة مراكش آسفي,قلعة السراغنة
المغرب,جهة مراكش آسفي,مراكش
الأردن,محافظة إربد,لواء الاغوار الشمالية
الأردن,محافظة إربد,لواء الرمثا
الأردن,محافظة إربد,لواء بني عبيد
الأردن,محافظة إربد,لواء قصبة اربد
الأردن,محافظة البلقاء,لواء عين الباشا
الأردن,محافظة البلقاء,لواء قصبة السلط
الأردن,محافظة الزرقاء,قضاء الظليل
الأردن,محافظة الزرقاء,لواء الرصيفة
الأردن,محافظة الزرقاء,لواء الهاشمية
الأردن,محافظة الزرقاء,لواء قصبة الزرقاء
الأردن,محافظة الطفيلية,لواء قصبة الطفيلية
الأردن,محافظة العاصمة,أمانة عمان الكبرى
الأردن,محافظة العقبة,لواء قصبة العقبة
الأردن,محافظة الكرك,لواء الاغوار الجنوبية
الأردن,محافظة الكرك,لواء قصبة الكرك
الأردن,محافظة المفرق,لواء قصبة المفرق
الأردن,محافظة جرش,لواء قصبة جرش
الأردن,محافظة عجلوان,لواء قصبة عجلوان
الأردن,محافظة عجلوان,لواء كفرنجة
الأردن,محافظة مابد,لواء قصبة مابد
الأردن,محافظة معان,قضاء الجفر
الأردن,محافظة معان,لواء قصبة معان
اليمن,أمانة العاصمة,صنعاء
اليمن,محافظة أبين,زنجبار
اليمن,محافظة أبين,مودية
اليمن,محافظة إب,إب
اليمن,محافظة إب,ذي سفال
اليمن,محافظة إب,يريم
اليمن,محافظة البيضاء,البيضاء
اليمن,محافظة البيضاء,مديرية رداع
اليمن,محافظة الحديدة,الحديدة
اليمن,محافظة الحديدة,الزيدية
اليمن,محافظة الحديدة,الضحي
اليمن,محافظة الحديدة,المراوعة
اليمن,محافظة الحديدة,بيت الفقيه
اليمن,محافظة الحديدة,حيس
اليمن,محافظة الحديدة,زبيد
اليمن,محافظة الحديدة,مديرية باجل
اليمن,محافظة المحويت,المحويت
اليمن,محافظة المهرة,الغيضة
اليمن,محافظة تعز,المخا
اليمن,محافظة تعز,مديرية التعزية
اليمن,محافظة تعز,نحمة
اليمن,محافظة حجة,المحابشة
اليمن,محافظة حجة,حجة
اليمن,محافظة حجة,حرض
اليمن,محافظة حجة,عبس
اليمن,محافظة حضرموت,الشحر
اليمن,محافظة حضرموت,المكلا
اليمن,محافظة حضرموت,سيئون
اليمن,محافظة ذمار,مدينة ذمار
اليمن,محافظة شبوة,بيحان القصاب
اليمن,محافظة شبوة,عتق
اليمن,محافظة صنعاء,سحار
اليمن,محافظة صنعاء,سيان
اليمن,محافظة عدن,خور مكسر
اليمن,محافظة عدن,مديرية التواهي
اليمن,محافظة عدن,مديرية المعلاء
اليمن,محافظة عمران,ثلاء
اليمن,محافظة عمران,خمر
اليمن,محافظة عمران,عمران
اليمن,محافظة لحج,العند
اليمن,محافظة لحج,لحج
اليمن,محافظة مأرب,مأرب
تونس,القيروان,القيروان الشمالية
تونس,المنستير,المنستير
تونس,بن عروس,المروج
تونس,تطاوين,تطاوين الجنوبية
تونس,تونس,باب بحر
تونس,تونس,سكرة
تونس,تونس,سيدي حسين
تونس,حكومة بنزرت,بنزرت الشمالية
تونس,صفاقس,معتمدية صفاقس المدينة
تونس,قابس,الحامة
تونس,قفصة,قصر
تونس,محافظة أريانة,التضامن - منهلا
تونس,محافظة أريانة,رائد
تونس,محافظة أريانة,قلعة الأندلس
تونس,محافظة سوسة,مدينة سوسة
تونس,محافظة سوسة,مساكن
تونس,مدنين,بن قردان
جيبوتي,أوبوك,أوبوك
جيبوتي,إقليم عرتا,ارتا
جيبوتي,تادجورا,إقليم تاجورة
جيبوتي,تادجورا,درة
جيبوتي,تادجورا,راندا جبوتي
جيبوتي,جيبوتي,جيبوتي
جيبوتي,دِخيل,آس ايلا
جيبوتي,دِخيل,دخيل
جيبوتي,دِخيل,يوبوكى
جيبوتي,علي صبيح,ادي علي
جيبوتي,علي صبيح,جوبيتو
جيبوتي,علي صبيح,هلهول
سوريا,محافظة ادلب,أريحة
سوريا,محافظة ادلب,السقيلبية
سوريا,محافظة ادلب,جسر الشغور
سوريا,محافظة ادلب,حارم
سوريا,محافظة ادلب,معرة النعمان
سوريا,محافظة ادلب,منطقة ادلب
سوريا,محافظة الحسكة,القامشلي
سوريا,محافظة الحسكة,رأس العين
سوريا,محافظة الحسكة,منطقة الحسكة
سوريا,محافظة الحسكة,منطقة المالكية
سوريا,مُحافظة الرقة,الثورة
سوريا,مُحافظة الرقة,تل أبيض
سوريا,مُحافظة الرقة,منطقة الرقة
سوريا,محافظة السويداء,شهبا
سوريا,محافظة السويداء,صلخد
سوريا,محافظة السويداء,منطقة السويداء
سوريا,محافظة اللاذقية,الحفة
سوريا,محافظة اللاذقية,القرداحة
سوريا,محافظة اللاذقية,جبلة
سوريا,محافظة اللاذقية,منطقة اللاذقية
سوريا,محافظة حلب,الباب
سوريا,محافظة حلب,السفيرة
سوريا,محافظة حلب,جبل سمعان
سوريا,محافظة حلب,عفرين
سوريا,محافظة حلب,عين العرب
سوريا,محافظة حلب,منبج
سوريا,محافظة حلب,منطقة أعزاز
سوريا,محافظة حماه,سلمية
سوريا,محافظة حماه,محردة
سوريا,محافظة حماه,منطقة حماة
سوريا,محافظة حماه,منطقة مصياف
سوريا,محافظة حمص,الرستن
سوريا,محافظة حمص,القصير
سوريا,محافظة حمص,المخرم
سوريا,محافظة حمص,تدمر
سوريا,محافظة حمص,تلكلخ
سوريا,محافظة حمص,منطقة حمص
سوريا,محافظة درعا,ازرع
سوريا,محافظة درعا,الصنمين
سوريا,محافظة درعا,محافظة درعا
سوريا,محافظة دمشق,دمشق
سوريا,محافظة دمشق,منطقة داريا
سوريا,محافظة دير الزور,أبو كمال
سوريا,محافظة دير الزور,الميادين
سوريا,محافظة دير الزور,منطقة دير الزور
سوريا,محافظة ريف دمشق,منطقة التل
سوريا,محافظة ريف دمشق,منطقة الزبداني
سوريا,محافظة ريف دمشق,منطقة القطيفة
سوريا,محافظة ريف دمشق,منطقة النبك
سوريا,محافظة ريف دمشق,منطقة دوما
سوريا,محافظة ريف دمشق,منطقة قطنا
سوريا,محافظة ريف دمشق,يبرود
سوريا,مُحافظة طرطوس,بانياس
سوريا,مُحافظة طرطوس,دريكيش
سوريا,مُحافظة طرطوس,صافيتا
سوريا,مُحافظة طرطوس,منطقة الشيخ بدر
سوريا,مُحافظة طرطوس,منطقة طرطوس
فلسطين,أريحا,أريحا
فلسطين,أريحا,الجفتلك
فلسطين,أريحا,الزبيدات
فلسطين,أريحا,العوجة
فلسطين,أريحا,النويعمة
فلسطين,أريحا,عقبة جبر
فلسطين,أريحا,عين ديوك السفلى
فلسطين,أريحا,عين ديوك العليا
فلسطين,أريحا,عين سلطان
فلسطين,أريحا,فصايل
فلسطين,الخليل,الخليل
فلسطين,الخليل,صوريف
فلسطين,الخليل,سعير
فلسطين,الخليل,قرية الكرمل
فلسطين,الخليل,كرمة
فلسطين,الخليل,سوسيا
فلسطين,الخليل,قرية رافات
فلسطين,الخليل,كويزبة
فلسطين,الخليل,نوبا
فلسطين,الخليل,يطا
فلسطين,الخليل,خاراس
فلسطين,الخليل,دورا
فلسطين,الخليل,دير الدبان
فلسطين,الخليل,رعنا
فلسطين,الخليل,دير سامت
فلسطين,الخليل,زيف
فلسطين,الخليل,جالا
فلسطين,الخليل,حلحول
فلسطين,الخليل,سنجر
فلسطين,الخليل,بني نعيم
فلسطين,الخليل,القبيبة
فلسطين,الخليل,كل المدن
فلسطين,الخليل,أم برج
فلسطين,الخليل,بيت اولا
فلسطين,الخليل,التواني
فلسطين,الخليل,اذنا
فلسطين,الخليل,الخليل
فلسطين,الخليل,بيت عمرة
فلسطين,الخليل,السموع
فلسطين,الخليل,الظاهرية
فلسطين,الخليل,العروب
فلسطين,الخليل,الفوار
فلسطين,الخليل,العديسة
فلسطين,الخليل,التواني
فلسطين,الخليل,الريحية
فلسطين,الخليل,الشيوخ
فلسطين,الخليل,الكوم
فلسطين,الخليل,بيت امر
فلسطين,الخليل,جالا
فلسطين,الخليل,دورا
فلسطين,الخليل,زيف
فلسطين,القدس وضواحيها,أبو ديس
فلسطين,القدس وضواحيها,بدّو
فلسطين,القدس وضواحيها,أبو طور
فلسطين,القدس وضواحيها,الزعايم
فلسطين,القدس وضواحيها,الجيب
فلسطين,القدس وضواحيها,السواحرة الشرقية
فلسطين,القدس وضواحيها,الطور
فلسطين,القدس وضواحيها,الشيخ جراح
فلسطين,القدس وضواحيها,الرام
فلسطين,القدس وضواحيها,ام طوبا
فلسطين,القدس وضواحيها,بيت دقو
فلسطين,القدس وضواحيها,بيت سوريك
فلسطين,القدس وضواحيها,بدّو
فلسطين,القدس وضواحيها,بيت صفافا
فلسطين,القدس وضواحيها,جديرة
فلسطين,القدس وضواحيها,جبع
فلسطين,القدس وضواحيها,حزما
فلسطين,القدس وضواحيها,الطور
فلسطين,القدس وضواحيها,جبل مكبر
فلسطين,القدس وضواحيها,بيت عنان
فلسطين,القدس وضواحيها,العيزرية
فلسطين,القدس وضواحيها,العيساوية
فلسطين,القدس وضواحيها,القدس
فلسطين,القدس وضواحيها,الولجة
فلسطين,القدس وضواحيها,بئر نبالا
فلسطين,القدس وضواحيها,بيت حنينا
فلسطين,القدس وضواحيها,بيت إكسا
فلسطين,القدس وضواحيها,مخماس
فلسطين,القدس وضواحيها,وادي الجوز
فلسطين,القدس وضواحيها,قلنديا
فلسطين,القدس وضواحيها,بيت صفافا
فلسطين,القدس وضواحيها,حزما
فلسطين,القدس وضواحيها,جبع
فلسطين,القدس وضواحيها,رافات
فلسطين,القدس وضواحيها,سلوان
فلسطين,القدس وضواحيها,جبل مكبر
فلسطين,القدس وضواحيها,جديرة
فلسطين,القدس وضواحيها,شرفات
فلسطين,القدس وضواحيها,شعفاط
فلسطين,القدس وضواحيها,عرب الجهالين
فلسطين,القدس وضواحيها,عناتا
فلسطين,القدس وضواحيها,صور باهر
فلسطين,القدس وضواحيها,قطنة
فلسطين,القدس وضواحيها,كفر عقب
فلسطين,القدس وضواحيها,وادي الجوز
فلسطين,القدس وضواحيها,قلنديا
فلسطين,القدس وضواحيها,قطنة
فلسطين,بيت لحم,جناتة
فلسطين,بيت لحم,جهدم
فلسطين,بيت لحم,حوسان
فلسطين,بيت لحم,خربة أم سلمونة
فلسطين,بيت لحم,خربة الدير
فلسطين,بيت لحم,خربة بيت تعمر
فلسطين,بيت لحم,دار صلاح
فلسطين,بيت لحم,زعترة
فلسطين,بيت لحم,عايدة
فلسطين,بيت لحم,عرب الرشايدة
فلسطين,بيت لحم,مراح رباح
فلسطين,بيت لحم,نحالين
فلسطين,بيت لحم,هندازة
فلسطين,بيت لحم,وادي العريس
فلسطين,بيت لحم,وادي فوقين
فلسطين,جنين,ديرغزالة
فلسطين,جنين,زبدة
فلسطين,جنين,الجديدة
فلسطين,جنين,الزبابدة
فلسطين,جنين,الجلمة
فلسطين,جنين,الفندقومية
فلسطين,جنين,اللجون
فلسطين,جنين,المنشية
فلسطين,جنين,الهاشمية
فلسطين,جنين,اليامون
فلسطين,جنين,برطعة
فلسطين,جنين,بيت قاد
فلسطين,جنين,جبع
فلسطين,جنين,جلقموس
فلسطين,جنين,برقين
فلسطين,جنين,جنين
فلسطين,جنين,أم التوت
فلسطين,جنين,كفرقود
فلسطين,جنين,كفردان
فلسطين,جنين,ميثلون
فلسطين,جنين,سيلة الحارثية
فلسطين,جنين,سيلة الظهر
فلسطين,جنين,صانور
فلسطين,جنين,صير
فلسطين,جنين,عجة
فلسطين,جنين,عرابة
فلسطين,جنين,عرانة
فلسطين,جنين,عنزا
فلسطين,جنين,عين المنسي
فلسطين,جنين,فقوعة
فلسطين,جنين,قباطيا
فلسطين,جنين,كفر راعي
فلسطين,جنين,مسلية
فلسطين,جنين,يعبد
فلسطين,رام الله والبيرة,بيت سيرا
فلسطين,رام الله والبيرة,بيت عور التحتى
فلسطين,رام الله والبيرة,الأمعري
فلسطين,رام الله والبيرة,النبي صالح
فلسطين,رام الله والبيرة,البيرة
فلسطين,رام الله والبيرة,الجانية
فلسطين,رام الله والبيرة,بدرس
فلسطين,رام الله والبيرة,الجلزون
فلسطين,رام الله والبيرة,الاتحاد
فلسطين,رام الله والبيرة,اللبن الغربي
فلسطين,رام الله والبيرة,برقة
فلسطين,رام الله والبيرة,المزرعة الشرقية
فلسطين,رام الله والبيرة,الزيتونة
فلسطين,رام الله والبيرة,بلعين
فلسطين,رام الله والبيرة,الطيبة
فلسطين,رام الله والبيرة,بيت ريما
فلسطين,رام الله والبيرة,المغاير
فلسطين,رام الله والبيرة,المدية
فلسطين,رام الله والبيرة,عين يبرود
فلسطين,رام الله والبيرة,قبية
فلسطين,رام الله والبيرة,قلنديا
فلسطين,رام الله والبيرة,عين عريك
فلسطين,رام الله والبيرة,كفر عين
فلسطين,رام الله والبيرة,كفر مالك
فلسطين,رام الله والبيرة,عبوين
فلسطين,رام الله والبيرة,كفر نعمة
فلسطين,رام الله والبيرة,كوبر
فلسطين,رام الله والبيرة,مزارع النوباني
فلسطين,رام الله والبيرة,عجول
فلسطين,رام الله والبيرة,عطارة
فلسطين,رام الله والبيرة,نعلين
فلسطين,سلفيت,إسكاكا
فلسطين,سلفيت,ابروقين
فلسطين,سلفيت,الزاويه
فلسطين,سلفيت,بديا
فلسطين,سلفيت,حارس
فلسطين,سلفيت,خربة سوسة
فلسطين,سلفيت,دار أبو باسل
فلسطين,سلفيت,دير إستيا
فلسطين,سلفيت,دير بلوط
فلسطين,سلفيت,رفات
فلسطين,سلفيت,زعرتا
فلسطين,سلفيت,سرطة
فلسطين,سلفيت,سلفيت
فلسطين,سلفيت,عزبة أبو أدام
فلسطين,سلفيت,فرخة
فلسطين,سلفيت,قراوة بني حسان
فلسطين,سلفيت,قيرة
فلسطين,سلفيت,كفر الديك
فلسطين,سلفيت,كفل حارس
فلسطين,سلفيت,مردة
فلسطين,سلفيت,مسحة
فلسطين,سلفيت,ياسوف
فلسطين,طوباس,البقيعة
فلسطين,طوباس,بردلة
فلسطين,طوباس,تياسير
فلسطين,طوباس,رأس الفارعة
فلسطين,طوباس,طمّون
فلسطين,طوباس,طوباس
فلسطين,طوباس,عقّابة
فلسطين,طوباس,عين البيضا
فلسطين,طوباس,كردلة
فلسطين,طوباس,مخيم الفارعة
فلسطين,طوباس,وادي الفارعة
فلسطين,طوباس,رمل زيتة
فلسطين,طوباس,ارتاح
فلسطين,طوباس,إكتابا
فلسطين,طوباس,الجاروشية
فلسطين,طوباس,الرأس
فلسطين,طوباس,النزلة الغربية
فلسطين,طوباس,النزلة الوسطى
فلسطين,طوباس,بلعة
فلسطين,طوباس,بيت أمين
فلسطين,طوباس,بيت ليد
فلسطين,طوباس,خريش
فلسطين,طوباس,باقه الشرقية
فلسطين,طوباس,دير الغصون
فلسطين,طوباس,رامين
فلسطين,طوباس,ذنابة
فلسطين,طوباس,رمل زيتة
فلسطين,طوباس,شوفه
فلسطين,طوباس,ذنابة
فلسطين,طوباس,شويكه
فلسطين,طوباس,سر
فلسطين,طوباس,صيدا
فلسطين,طوباس,عتيل
فلسطين,طوباس,عزبة شوفة
فلسطين,طوباس,فرعون
فلسطين,طوباس,كفر اللبد
فلسطين,طوباس,بيت ليد
فلسطين,طوباس,خريش
فلسطين,طوباس,علار
فلسطين,طوباس,رامين
فلسطين,طوباس,زيتا
فلسطين,طوباس,دير الغصون
فلسطين,طوباس,سفارين
فلسطين,قطاع غزة,بيت حانون
فلسطين,قطاع غزة,بيت لاهيا
فلسطين,قطاع غزة,جباليا
فلسطين,قطاع غزة,خان يونس
فلسطين,قطاع غزة,دير البلح
فلسطين,قطاع غزة,رفح
فلسطين,قطاع غزة,غزة
فلسطين,قلقيلية,عزون
فلسطين,قلقيلية,الرماضين الجنوبي
فلسطين,قلقيلية,الرماضين الشمالي
فلسطين,قلقيلية,النبي إلياس
فلسطين,قلقيلية,الفندق
فلسطين,قلقيلية,عزبة سلمان
فلسطين,قلقيلية,باقة الحطب
فلسطين,قلقيلية,بيت أمين
فلسطين,قلقيلية,جيت
فلسطين,قلقيلية,جينصافوت
فلسطين,قلقيلية,جيوس
فلسطين,قلقيلية,حبلة
فلسطين,قلقيلية,حجة
فلسطين,قلقيلية,خربة عسلة
فلسطين,قلقيلية,رأس طيرة
فلسطين,قلقيلية,رأس عطية
فلسطين,قلقيلية,عزون
فلسطين,قلقيلية,عزون عتمة
فلسطين,قلقيلية,فرعتا
فلسطين,قلقيلية,سنيريا
فلسطين,قلقيلية,صير
فلسطين,قلقيلية,فلاميا
فلسطين,قلقيلية,قلقيلية
فلسطين,قلقيلية,كفر ثلث
فلسطين,قلقيلية,كفر قدوم
فلسطين,قلقيلية,كفر لاقف
فلسطين,قلقيلية,جينصافوت
فلسطين,قلقيلية,مغارة الضبعة
فلسطين,نابلس,اجنسنيا
فلسطين,نابلس,الباذان
فلسطين,نابلس,أوصرين
فلسطين,نابلس,المساكن الشعبية
فلسطين,نابلس,الناصرية
فلسطين,نابلس,اودلة
فلسطين,نابلس,الساوية
فلسطين,نابلس,بزاريا
فلسطين,نابلس,برقة
فلسطين,نابلس,الناقورة
فلسطين,نابلس,بلاطة
فلسطين,نابلس,بيت امرين
فلسطين,نابلس,اللبن الشرقية
فلسطين,نابلس,بيت حسان
فلسطين,نابلس,بيت دجن
فلسطين,نابلس,بيت ايبا
فلسطين,نابلس,نابلس
فلسطين,نابلس,كفر قليل
فلسطين,نابلس,ياصيد
فلسطين,نابلس,مادما
فلسطين,نابلس,يتما
فلسطين,نابلس,عورتا
فلسطين,نابلس,عوريف
فلسطين,نابلس,عين بيت الماء
فلسطين,نابلس,عينابوس
فلسطين,نابلس,فروش بيت دجن
فلسطين,نابلس,قريوت
فلسطين,نابلس,قصرة
فلسطين,نابلس,قوصين
فلسطين,نابلس,عقربا
فلسطين,نابلس,يانون
فلسطين,نابلس,قبلان
لبنان,محافظة البقاع,البقاع الغربي
لبنان,محافظة البقاع,راشيَا
لبنان,محافظة البقاع,زحلة
لبنان,محافظة الجنوب,جزين
لبنان,محافظة الجنوب,صور
لبنان,محافظة الجنوب,صيدا
لبنان,محافظة الشمال,البترون
لبنان,محافظة الشمال,الكورة
لبنان,محافظة الشمال,المنية - الضنية
لبنان,محافظة الشمال,بشري
لبنان,محافظة الشمال,زغرتا
لبنان,محافظة الشمال,طرابلس
لبنان,محافظة النبطية,النبطية
لبنان,محافظة النبطية,بنت جبيل
لبنان,محافظة النبطية,حاصبيّا
لبنان,محافظة النبطية,مرجعيون
لبنان,محافظة بعلبك الهرمل,الهرمل
لبنان,محافظة بعلبك الهرمل,بعلبك
لبنان,محافظة بيروت,بيروت
لبنان,محافظة جبل لبنان,الشوف
لبنان,محافظة جبل لبنان,المتن
لبنان,محافظة جبل لبنان,بعبدا
لبنان,محافظة جبل لبنان,جبيل
لبنان,محافظة جبل لبنان,عاليه
لبنان,محافظة جبل لبنان,كسروان
لبنان,محافظة عكار,عكار
الجزائر,ولايةأ أدرار,أدرار
الجزائر,ولايةأ أدرار,برج باجي مختار
الجزائر,ولايةأ أدرار,تسابيت
الجزائر,ولايةأ أدرار,تنيركوك
الجزائر,ولايةأ أدرار,تيميمون
الجزائر,ولايةأ أدرار,روقان
الجزائر,ولايةأ أدرار,زاوية كنتة
الجزائر,ولايةأ أدرار,فنوغيل
الجزائر,ولاية أم البواقي,أم البواقي
الجزائر,ولاية إليزي,إن اميناس
الجزائر,ولاية إليزي,ايليزى
الجزائر,ولاية إليزي,جانت
الجزائر,ولاية الأغواط,افلو
الجزائر,ولاية الأغواط,الغيشة
الجزائر,ولاية الأغواط,بريدة
الجزائر,ولاية الأغواط,حاسى الرمل
الجزائر,ولاية الأغواط,سيدي مخلوف
الجزائر,ولاية الأغواط,عين ماضي
الجزائر,ولاية الأغواط,قصر الحيران
الجزائر,ولاية الأغواط,قلتة سيدي سعد
الجزائر,ولاية الأغواط,واد مرة
الجزائر,ولاية البليدة,الأربعاء
الجزائر,ولاية البليدة,البليدة
الجزائر,ولاية البليدة,العفرون
الجزائر,ولاية البليدة,أولاد عيش
الجزائر,ولاية البليدة,بوعينان
الجزائر,ولاية البليدة,بوفاريك
الجزائر,ولاية البليدة,بوقارة
الجزائر,ولاية البليدة,مفتاح
الجزائر,ولاية البليدة,موزاية
الجزائر,ولاية البليدة,وادي العلايق
الجزائر,ولاية البويرة,الأخضرية
الجزائر,ولاية البويرة,البويرة
الجزائر,ولاية البويرة,الحيزر
الجزائر,ولاية البويرة,القادرية
الجزائر,ولاية البويرة,الهاشمية
الجزائر,ولاية البويرة,بئر غبالو
الجزائر,ولاية البويرة,برج خريس
الجزائر,ولاية البويرة,بشلول
الجزائر,ولاية البويرة,سوق الخميس
الجزائر,ولاية البويرة,بشلول
الجزائر,ولاية البويرة,سوق الخميس
الجزائر,ولاية البويرة,صور الغزلان
الجزائر,ولاية البويرة,عين بسام
الجزائر,ولاية البويرة,مشدا الله
الجزائر,ولاية البيض,الأبيض سيد الشيخ
الجزائر,ولاية البيض,البيض
الجزائر,ولاية البيض,برزينة
الجزائر,ولاية البيض,بوسمغون
الجزائر,ولاية البيض,بوعلام
الجزائر,ولاية البيض,بوقطب
الجزائر,ولاية البيض,روقاصة
الجزائر,ولاية البيض,شلالة
الجزائر,ولاية الجزائر,الحراش
الجزائر,ولاية الجزائر,الدار البيضاء
الجزائر,ولاية الجزائر,الرويبة
الجزائر,ولاية الجزائر,بئر توتة
الجزائر,ولاية الجزائر,بئر مراد رايس
الجزائر,ولاية الجزائر,باب الوادي
الجزائر,ولاية الجزائر,براقي
الجزائر,ولاية الجزائر,بوزريعة
الجزائر,ولاية الجزائر,حسين داي
الجزائر,ولاية الجزائر,دائرة شراقة
الجزائر,ولاية الجزائر,درارية
الجزائر,ولاية الجزائر,زرالدة
الجزائر,ولاية الجزائر,سيدي امحمد
الجزائر,ولاية الجلفة,الادريسية
الجزائر,ولاية الجلفة,الجلفة
الجزائر,ولاية الجلفة,الشارف
الجزائر,ولاية الجلفة,بيرين
الجزائر,ولاية الجلفة,حاسي بحبح
الجزائر,ولاية الجلفة,حد الصحارى
الجزائر,ولاية الجلفة,دار الشيوخ
الجزائر,ولاية الجلفة,سيدي لعجال
الجزائر,ولاية الجلفة,عين الابل
الجزائر,ولاية الجلفة,عين وسارة
الجزائر,ولاية الجلفة,فيض البطمة
الجزائر,ولاية الجلفة,مسعد
الجزائر,ولاية الشلف,أبو الحسن
الجزائر,ولاية الشلف,أولاد بن عبد القادر
الجزائر,ولاية الشلف,أولاد فارس
الجزائر,ولاية الشلف,الزبوجة
الجزائر,ولاية الشلف,الشلف
الجزائر,ولاية الشلف,الكريمية
الجزائر,ولاية الشلف,المرصى
الجزائر,ولاية الشلف,بني حواء
الجزائر,ولاية الشلف,بوقادير
الجزائر,ولاية الشلف,تاوقريت
الجزائر,ولاية الشلف,تنس
الجزائر,ولاية الشلف,عين مران
الجزائر,ولاية الشلف,واد الفضة
الجزائر,ولاية الطارف,البسباس
الجزائر,ولاية الطارف,الذرعان
الجزائر,ولاية الطارف,الطارف
الجزائر,ولاية الطارف,القالة
الجزائر,ولاية الطارف,بن مهيدي
الجزائر,ولاية الطارف,بوثلجة
الجزائر,ولاية الطارف,بوحجار
الجزائر,ولاية المدية,عين بوسيف
الجزائر,ولاية المدية,قصر البخارى
الجزائر,ولاية المدية,البرواقية
الجزائر,ولاية المدية,السوافي
الجزائر,ولاية المدية,الشهبونية
الجزائر,ولاية المدية,العزيزية
الجزائر,ولاية المدية,العمارية
الجزائر,ولاية المدية,القلب الكبير
الجزائر,ولاية المدية,المدية
الجزائر,ولاية المدية,بني سليمان
الجزائر,ولاية المدية,تابلاط
الجزائر,ولاية المدية,سغوان
الجزائر,ولاية المدية,سى المحجوب
الجزائر,ولاية المدية,سيدي نعمان
الجزائر,ولاية المدية,شلالة العذاورة
الجزائر,ولاية المدية,عزيز
الجزائر,ولاية المدية,عوامرى
الجزائر,ولاية المدية,وزرة
الجزائر,ولاية المسيلة,أولاد دراج
الجزائر,ولاية المسيلة,أولاد سيدي إبراهيم
الجزائر,ولاية المسيلة,المسيلة
الجزائر,ولاية المسيلة,بن سرور
الجزائر,ولاية المسيلة,بوسعادة
الجزائر,ولاية المسيلة,جبل مسعد
الجزائر,ولاية المسيلة,حمـام الضلعة
الجزائر,ولاية المسيلة,خبانة
الجزائر,ولاية المسيلة,سيدي عامر
الجزائر,ولاية المسيلة,سيدي عيسى
الجزائر,ولاية المسيلة,شلال
الجزائر,ولاية المسيلة,عين الحجل
الجزائر,ولاية المسيلة,عين الملح
الجزائر,ولاية المسيلة,مجدل
الجزائر,ولاية المسيلة,مقرة
الجزائر,ولاية النعامة,المشرية
الجزائر,ولاية النعامة,النعامة
الجزائر,ولاية النعامة,سفيسفة
الجزائر,ولاية النعامة,عسلة
الجزائر,ولاية النعامة,عين الصفراء
الجزائر,ولاية النعامة,مغرار
الجزائر,ولاية النعامة,مكمن بن عمر
الجزائر,ولاية الوادي,البياضه
الجزائر,ولاية الوادي,الدبيلة
الجزائر,ولاية الوادي,الرقيبة
الجزائر,ولاية الوادي,المغير
الجزائر,ولاية الوادي,المقرن
الجزائر,ولاية الوادي,الوادى
الجزائر,ولاية الوادي,جامعة
الجزائر,ولاية الوادي,حاسى خليفة
الجزائر,ولاية الوادي,رباح
الجزائر,ولاية الوادي,طالب العربي
الجزائر,ولاية الوادي,قمار
الجزائر,ولاية الوادي,مية ونسة
الجزائر,ولاية باتنة,آريس
الجزائر,ولاية باتنة,أولاد سي سليمان
الجزائر,ولاية باتنة,الشمرة
الجزائر,ولاية باتنة,باتنة
الجزائر,ولاية باتنة,بريكة
الجزائر,ولاية باتنة,تازولت
الجزائر,ولاية باتنة,رأس العيون
الجزائر,ولاية باتنة,سقانة
الجزائر,ولاية باتنة,عين التوتة
الجزائر,ولاية باتنة,مروانة
الجزائر,ولاية باتنة,منعة
الجزائر,ولاية بجاية,شميني
الجزائر,ولاية بجاية,صدوق
الجزائر,ولاية بجاية,أقبو
الجزائر,ولاية بجاية,أميزور
الجزائر,ولاية بجاية,أوزلاقن
الجزائر,ولاية بجاية,أوقاس
الجزائر,ولاية بجاية,إغيل علي
الجزائر,ولاية بجاية,القصر
الجزائر,ولاية بجاية,بجاية
الجزائر,ولاية بجاية,برباشة
الجزائر,ولاية بجاية,بني معوش
الجزائر,ولاية بجاية,تازمالت
الجزائر,ولاية بجاية,تيشي
الجزائر,ولاية بجاية,تيمزريت
الجزائر,ولاية بجاية,خراطة
الجزائر,ولاية بجاية,درغينة
الجزائر,ولاية بجاية,سوق الإثنين
الجزائر,ولاية بجاية,سيدي عيش
الجزائر,ولاية بجاية,أَذكَّار
الجزائر,ولاية برج بوعريريج,الحمادية
الجزائر,ولاية برج بوعريريج,المنصورة
الجزائر,ولاية برج بوعريريج,بئر قاصدعلي
الجزائر,ولاية برج بوعريريج,برج الغدير
الجزائر,ولاية برج بوعريريج,برج بوعريرج
الجزائر,ولاية برج بوعريريج,برج زمورة
الجزائر,ولاية برج بوعريريج,جعافرة
الجزائر,ولاية برج بوعريريج,راس الواد
الجزائر,ولاية برج بوعريريج,عين تاغروت
الجزائر,ولاية برج بوعريريج,مجانة
الجزائر,ولاية بسكرة,أورلال
الجزائر,ولاية بسكرة,أولاد جلال
الجزائر,ولاية بسكرة,القنطرة
الجزائر,ولاية بسكرة,بسكرة
الجزائر,ولاية بسكرة,جمورة
الجزائر,ولاية بسكرة,زربية الوادى
الجزائر,ولاية بسكرة,سيدي خالد
الجزائر,ولاية بسكرة,سيدي عقبة
الجزائر,ولاية بسكرة,طولقة
الجزائر,ولاية بسكرة,فوغالة
الجزائر,ولاية بسكرة,لوطاية
الجزائر,ولاية بسكرة,مشونش
الجزائر,ولاية بشار,أولاد خدير
الجزائر,ولاية بشار,الأحمر
الجزائر,ولاية بشار,العبادلة
الجزائر,ولاية بشار,القنادسة
الجزائر,ولاية بشار,الوطى
الجزائر,ولاية بشار,ايقلى
الجزائر,ولاية بشار,بشار
الجزائر,ولاية بشار,بنى ونيف
الجزائر,ولاية بشار,بني عباس
الجزائر,ولاية بشار,تاغيت
الجزائر,ولاية بشار,تبلبالة
الجزائر,ولاية بشار,كرزاز
الجزائر,ولاية بومرداس,الثنية
الجزائر,ولاية بومرداس,الناصرية
الجزائر,ولاية بومرداس,برج منايل
الجزائر,ولاية بومرداس,بغلية
الجزائر,ولاية بومرداس,بودواو
الجزائر,ولاية بومرداس,بومرداس
الجزائر,ولاية بومرداس,خميس الخشنة
الجزائر,ولاية بومرداس,دلس
الجزائر,ولاية بومرداس,يسر
الجزائر,ولاية تبسة,أم على
الجزائر,ولاية تبسة,الــشــريــعـة
الجزائر,ولاية تبسة,العقلة
الجزائر,ولاية تبسة,العوينات
الجزائر,ولاية تبسة,الكويف
الجزائر,ولاية تبسة,الماء اابيض
الجزائر,ولاية تبسة,الونزة
الجزائر,ولاية تبسة,بئر العاتر
الجزائر,ولاية تبسة,بٔير المقدم
الجزائر,ولاية تبسة,تبسة
الجزائر,ولاية تبسة,مرسط
الجزائر,ولاية تبسة,نقرين
الجزائر,ولاية تلمسان,أولاد ميمون
الجزائر,ولاية تلمسان,الحناية
الجزائر,ولاية تلمسان,الرمشى
الجزائر,ولاية تلمسان,الغزوات
الجزائر,ولاية تلمسان,باب العسة
الجزائر,ولاية تلمسان,بن سكران
الجزائر,ولاية تلمسان,بنى سنوس
الجزائر,ولاية تلمسان,بني بوسعيد
الجزائر,ولاية تلمسان,سبدو
الجزائر,ولاية تلمسان,سيدي الجيلالي
الجزائر,ولاية تلمسان,صبرة
الجزائر,ولاية تلمسان,عين تالوت
الجزائر,ولاية تلمسان,فلاوسن
الجزائر,ولاية تلمسان,مرسى بن مهيدي
الجزائر,ولاية تلمسان,مغنية
الجزائر,ولاية تلمسان,منصورة
الجزائر,ولاية تلمسان,ندرومة
الجزائر,ولاية تلمسان,هنين
الجزائر,ولاية تمنراست,أباليسا
الجزائر,ولاية تمنراست,تاظروك
الجزائر,ولاية تمنراست,تمنراست
الجزائر,ولاية تمنراست,تين زاوتين
الجزائر,ولاية تمنراست,عـيـن غــار
الجزائر,ولاية تمنراست,عين صالح
الجزائر,ولاية تمنراست,عين قزام
الجزائر,ولاية تندوف,تندوف
الجزائر,ولاية تيارت,الحمادية
الجزائر,ولاية تيارت,السوقر
الجزائر,ولاية تيارت,المهدية
الجزائر,ولاية تيارت,تيارت
الجزائر,ولاية تيارت,رحوية
الجزائر,ولاية تيارت,عين الذهب
الجزائر,ولاية تيارت,عين كرمس
الجزائر,ولاية تيارت,فرندة
الجزائر,ولاية تيارت,قصر الشلالة
الجزائر,ولاية تيارت,مدروسة
الجزائر,ولاية تيارت,مشرع الصفاء
الجزائر,ولاية تيارت,مغيلة
الجزائر,ولاية تيارت,وادى ليلى
الجزائر,ولاية تيبازة,أحمر العين
الجزائر,ولاية تيبازة,الداموس
الجزائر,ولاية تيبازة,القليعة
الجزائر,ولاية تيبازة,بواسماعيل
الجزائر,ولاية تيبازة,تيبازة
الجزائر,ولاية تيبازة,حجوط
الجزائر,ولاية تيبازة,سيدي عامر
الجزائر,ولاية تيبازة,شرشال
الجزائر,ولاية تيبازة,فوكة
الجزائر,ولاية تيبازة,قوراية
الجزائر,ولاية تيزي وزو,مقلع
الجزائر,ولاية تيزي وزو,واسيف
الجزائر,ولاية تيزي وزو,واضية
الجزائر,ولاية تيزي وزو,واقنون
الجزائر,ولاية تيزي وزو,المعاتقة
الجزائر,ولاية تيزي وزو,بني دوالة
الجزائر,ولاية تيزي وزو,بني يني
الجزائر,ولاية تيزي وزو,بوغني
الجزائر,ولاية تيزي وزو,تيزىوزو
الجزائر,ولاية تيزي وزو,تيزي راشد
الجزائر,ولاية تيزي وزو,تيقزيرت
الجزائر,ولاية تيزي وزو,دائرة بوزغن
الجزائر,ولاية تيزي وزو,دائرة تيزي غنيف
الجزائر,ولاية تيزي وزو,ذراع الميزان
الجزائر,ولاية تيزي وزو,ذراع بن خدة
الجزائر,ولاية تيزي وزو,عزازقة
الجزائر,ولاية تيزي وزو,عين الحمام
الجزائر,ولاية تيزي وزو,ماكودة
الجزائر,ولاية تسمسيلت,الأزهرية
الجزائر,ولاية تسمسيلت,برج الامير عبد القادر
الجزائر,ولاية تسمسيلت,برج بونعامة
الجزائر,ولاية تسمسيلت,تيسمسيلت
الجزائر,ولاية تسمسيلت,ثنية الاحد
الجزائر,ولاية تسمسيلت,خميستى
الجزائر,ولاية تسمسيلت,عمارى
الجزائر,ولاية تسمسيلت,لرجام
الجزائر,ولاية جيجل,السطارة
الجزائر,ولاية جيجل,الشقفة
الجزائر,ولاية جيجل,الطاهير
الجزائر,ولاية جيجل,العنصر
الجزائر,ولاية جيجل,العوانة
الجزائر,ولاية جيجل,الميلية
الجزائر,ولاية جيجل,تاكسنة
الجزائر,ولاية جيجل,جيجل
الجزائر,ولاية جيجل,جيملة
الجزائر,ولاية جيجل,زيامة منصورية
الجزائر,ولاية جيجل,سيدي معروف
الجزائر,ولاية خنشلة,أولاد رشاش
الجزائر,ولاية خنشلة,الحامة
الجزائر,ولاية خنشلة,بابار
الجزائر,ولاية خنشلة,بوحمامة
الجزائر,ولاية خنشلة,خنشلة
الجزائر,ولاية خنشلة,ششار
الجزائر,ولاية خنشلة,عين الطويلة
الجزائر,ولاية خنشلة,قايس
الجزائر,ولاية سطيف,عين الكبيرة
الجزائر,ولاية سطيف,قجال
الجزائر,ولاية سطيف,قنزات
الجزائر,ولاية سطيف,بني عزيز
الجزائر,ولاية سطيف,بني ورتيلان
الجزائر,ولاية سطيف,بوعنداس
الجزائر,ولاية سطيف,بوقاعة
الجزائر,ولاية سطيف,بير العرش
الجزائر,ولاية سطيف,جميلة
الجزائر,ولاية سطيف,حمام السخنة
الجزائر,ولاية سطيف,حمام القرقور
الجزائر,ولاية سطيف,سطيف
الجزائر,ولاية سطيف,صالح باي
الجزائر,ولاية سطيف,عموشة
الجزائر,ولاية سطيف,عين أرنات
الجزائر,ولاية سطيف,عين أولمان
الجزائر,ولاية سطيف,عين ازال
الجزائر,ولاية سطيف,موكلان
الجزائر,ولاية سطيف,بابور
الجزائر,ولاية سعيدة,الحساسنة
الجزائر,ولاية سعيدة,سعيدة
الجزائر,ولاية سكيكدة,أم الطوب
الجزائر,ولاية سكيكدة,أولاد عطية
الجزائر,ولاية سكيكدة,الحدائق
الجزائر,ولاية سكيكدة,الحروش
الجزائر,ولاية سكيكدة,الزيتونة
الجزائر,ولاية سكيكدة,القل
الجزائر,ولاية سكيكدة,بن عزوز
الجزائر,ولاية سكيكدة,دائرة تمالوس
الجزائر,ولاية سكيكدة,رمضان جمال
الجزائر,ولاية سكيكدة,سكيكدة
الجزائر,ولاية سكيكدة,سيدي مزغيش
الجزائر,ولاية سكيكدة,عزابة
الجزائر,ولاية سكيكدة,عين قشرة
الجزائر,ولاية سوق أهراس,أم الغظائم
الجزائر,ولاية سوق أهراس,أولاد ادريس
الجزائر,ولاية سوق أهراس,الحدادة
الجزائر,ولاية سوق أهراس,المراهنة
الجزائر,ولاية سوق أهراس,المشروخة
الجزائر,ولاية سوق أهراس,بئر بوحوش
الجزائر,ولاية سوق أهراس,تاورة
الجزائر,ولاية سوق أهراس,سدراتة
الجزائر,ولاية سوق أهراس,سوق أهراس
الجزائر,ولاية سوق أهراس,مداوروش
الجزائر,ولاية سيدي بلعباس,ابن باديس
الجزائر,ولاية سيدي بلعباس,تسالة
الجزائر,ولاية سيدي بلعباس,تلاغ
الجزائر,ولاية سيدي بلعباس,تنيرة
الجزائر,ولاية سيدي بلعباس,رأس الماء
الجزائر,ولاية سيدي بلعباس,سفيزف
الجزائر,ولاية سيدي بلعباس,سيدي بلعباس
الجزائر,ولاية سيدي بلعباس,سيدي على بن يوب
الجزائر,ولاية سيدي بلعباس,سيدي علي بوسيدي
الجزائر,ولاية سيدي بلعباس,سيدي لحسن
الجزائر,ولاية سيدي بلعباس,عين البرد
الجزائر,ولاية سيدي بلعباس,مرحوم
الجزائر,ولاية سيدي بلعباس,مرين
الجزائر,ولاية سيدي بلعباس,مصطفى بن براهيم
الجزائر,ولاية سيدي بلعباس,مولاى سليسن
الجزائر,ولاية عنابة,البوني
الجزائر,ولاية عنابة,برحال
الجزائر,ولاية عنابة,دائرة الحجار
الجزائر,ولاية عنابة,دائرة عين الباردة
الجزائر,ولاية عنابة,شطايبي
الجزائر,ولاية عنابة,عنابة
الجزائر,ولاية عين الدفلي,العامرة
الجزائر,ولاية عين الدفلي,العبادية
الجزائر,ولاية عين الدفلي,العطاف
الجزائر,ولاية عين الدفلي,برج الأمير خالد
الجزائر,ولاية عين الدفلي,بطحية
الجزائر,ولاية عين الدفلي,بومدفع
الجزائر,ولاية عين الدفلي,جليدة
الجزائر,ولاية عين الدفلي,جندل
الجزائر,ولاية عين الدفلي,حمام ريغة
الجزائر,ولاية عين الدفلي,خميس مليانة
الجزائر,ولاية عين الدفلي,روينة
الجزائر,ولاية عين الدفلي,عين لشياخ
الجزائر,ولاية عين الدفلي,مليانة
الجزائر,ولاية عين تموشنت,العامرية
الجزائر,ولاية عين تموشنت,الغرابة
الجزائر,ولاية عين تموشنت,المالح
الجزائر,ولاية عين تموشنت,بني صاف
الجزائر,ولاية عين تموشنت,حمام بو حجر
الجزائر,ولاية عين تموشنت,عين الأربعاء
الجزائر,ولاية عين تموشنت,عين تموشنت
الجزائر,ولاية عين تموشنت,عين كيحل
الجزائر,ولاية غرداية,القرارة
الجزائر,ولاية غرداية,المنصورة
الجزائر,ولاية غرداية,المنيعة
الجزائر,ولاية غرداية,بريان
الجزائر,ولاية غرداية,بونورة
الجزائر,ولاية غرداية,زلفانة
الجزائر,ولاية غرداية,ضاية بن ضحوة
الجزائر,ولاية غرداية,غرداية
الجزائر,ولاية غرداية,متليلي
الجزائر,ولاية غليزان,الحمدانة
الجزائر,ولاية غليزان,الرمكة
الجزائر,ولاية غليزان,المطمر
الجزائر,ولاية غليزان,بلدية سيدي امحمد بن علي
الجزائر,ولاية غليزان,جيديوة
الجزائر,ولاية غليزان,زمورة
الجزائر,ولاية قالمة,بوشقوف
الجزائر,ولاية قالمة,حمام المسخوطين
الجزائر,ولاية قالمة,حمام النبايل
الجزائر,ولاية قالمة,خزارة
الجزائر,ولاية قالمة,عين مخلوف
الجزائر,ولاية قالمة,قالمة
الجزائر,ولاية قالمة,قلعة بوصبع
الجزائر,ولاية قالمة,هواري بومدين
الجزائر,ولاية قالمة,هيليوبوليس
الجزائر,ولاية قالمة,وادي زناتي
الجزائر,ولاية قسنطينة,ابن زياد
الجزائر,ولاية قسنطينة,الخروب
الجزائر,ولاية قسنطينة,حامة بوزيان
الجزائر,ولاية قسنطينة,زيغود يوسف
الجزائر,ولاية قسنطينة,عين عبيد
الجزائر,ولاية قسنطينة,قسنطينة
الجزائر,ولاية مستغانم,بوقيراط
الجزائر,ولاية مستغانم,حاسي مماش
الجزائر,ولاية مستغانم,خير الدين
الجزائر,ولاية مستغانم,سيدي الأخضر
الجزائر,ولاية مستغانم,سيدي على
الجزائر,ولاية مستغانم,عشعاشة
الجزائر,ولاية مستغانم,عين تادلس
الجزائر,ولاية مستغانم,عين نويسي
الجزائر,ولاية مستغانم,ماسرى
الجزائر,ولاية مستغانم,مستغانم
الجزائر,ولاية معسكر,البرج
الجزائر,ولاية معسكر,المحمدية
الجزائر,ولاية معسكر,الهاشم
الجزائر,ولاية معسكر,بــوحــنــفــيــة
الجزائر,ولاية معسكر,تيزي
الجزائر,ولاية معسكر,تيغنيف
الجزائر,ولاية معسكر,زهانة
الجزائر,ولاية معسكر,سيق
الجزائر,ولاية معسكر,عقاز
الجزائر,ولاية معسكر,عوف
الجزائر,ولاية معسكر,عين فارس
الجزائر,ولاية معسكر,عين فكان
الجزائر,ولاية معسكر,غريس
الجزائر,ولاية معسكر,معسكر
الجزائر,ولاية معسكر,واد الأبطال
الجزائر,ولاية معسكر,واد تاغية
الجزائر,ولاية ميلة,بوحاتم
الجزائر,ولاية ميلة,تاجنانت
الجزائر,ولاية ميلة,ترعي باينان
الجزائر,ولاية ميلة,تسدان حدادة
الجزائر,ولاية ميلة,ثلارغمة
الجزائر,ولاية ميلة,دائرة فرجيوة
الجزائر,ولاية ميلة,رواشد
الجزائر,ولاية ميلة,سيدي مروان
الجزائر,ولاية ميلة,شلغوم العيد
الجزائر,ولاية ميلة,عين البيضاء حريش
الجزائر,ولاية ميلة,قرام قوقة
الجزائر,ولاية ميلة,ميلة
الجزائر,ولاية مرقلة,البرمة
الجزائر,ولاية مرقلة,الحجيرة
الجزائر,ولاية مرقلة,الطيبات
الجزائر,ولاية مرقلة,تماسين
الجزائر,ولاية مرقلة,توقرت
الجزائر,ولاية مرقلة,حاسى مسعود
الجزائر,ولاية مرقلة,سيدي خويلد
الجزائر,ولاية مرقلة,مقارين
الجزائر,ولاية مرقلة,نقوسة
الجزائر,ولاية مرقلة,ورقلة
الجزائر,ولاية وهران,أرزيو
الجزائر,ولاية وهران,السانية
الجزائر,ولاية وهران,بئر الجير
الجزائر,ولاية وهران,بطيوة
الجزائر,ولاية وهران,بوتليليس
الجزائر,ولاية وهران,عين الترك
الجزائر,ولاية وهران,قديل
الجزائر,ولاية وهران,واد تليلات
الجزائر,ولاية وهران,وهران
ليبيا,شعبية البطنان,أم سعد
ليبيا,شعبية البطنان,الجغبوب
ليبيا,شعبية البطنان,العدم
ليبيا,شعبية البطنان,القعرة
ليبيا,شعبية البطنان,بئر الأشهب
ليبيا,شعبية البطنان,بردية
ليبيا,شعبية البطنان,زاوية أم ركبة
ليبيا,شعبية البطنان,طبرق
ليبيا,شعبية البطنان,قصر الجدي
ليبيا,شعبية البطنان,قمبوت
ليبيا,شعبية الجبل الأخضر,البيضاء
ليبيا,شعبية الجبل الأخضر,سوسة
ليبيا,شعبية الجبل الأخضر,شحات
ليبيا,شعبية الجبل الغربي,الأصـابعة
ليبيا,شعبية الجبل الغربي,الرجبان
ليبيا,شعبية الجبل الغربي,الرحيبات
ليبيا,شعبية الجبل الغربي,الرياينة
ليبيا,شعبية الجبل الغربي,الزنتان
ليبيا,شعبية الجبل الغربي,الشويرف
ليبيا,شعبية الجبل الغربي,القلعة
ليبيا,شعبية الجبل الغربي,القواليش
ليبيا,شعبية الجبل الغربي,تاغمة
ليبيا,شعبية الجبل الغربي,تغرنة
ليبيا,شعبية الجبل الغربي,جادو
ليبيا,شعبية الجبل الغربي,شكشوك
ليبيا,شعبية الجبل الغربي,غريان
ليبيا,شعبية الجبل الغربي,فسانو
ليبيا,شعبية الجبل الغربي,ككلة
ليبيا,شعبية الجبل الغربي,مزدة
ليبيا,شعبية الجبل الغربي,يفرن
ليبيا,شعبية الجفرة,الفقهاء
ليبيا,شعبية الجفرة,زلة
ليبيا,شعبية الجفرة,سوكنة
ليبيا,شعبية الجفرة,ودان
ليبيا,شعبية الزاوية,الزاوية
ليبيا,شعبية الزاوية,صبراتة
ليبيا,شعبية الزاوية,صرمان
ليبيا,شعبية الكفرة,الجوف
ليبيا,شعبية الكفرة,تازر بو
ليبيا,شعبية المرج,الدرسية
ليبيا,شعبية المرج,المرج
ليبيا,شعبية المرج,تاكنس
ليبيا,شعبية المرج,توكرة
ليبيا,شعبية المرقب,الخمس
ليبيا,شعبية المرقب,ترهونة
ليبيا,شعبية المرقب,زليتن
ليبيا,شعبية المرقب,مسلاتة
ليبيا,شعبية النقاط الخمس,أبو كماش
ليبيا,شعبية النقاط الخمس,الجميل
ليبيا,شعبية النقاط الخمس,العجيلات
ليبيا,شعبية النقاط الخمس,العسة
ليبيا,شعبية النقاط الخمس,رأس جدير
ليبيا,شعبية النقاط الخمس,رقدالين
ليبيا,شعبية النقاط الخمس,زلطن
ليبيا,شعبية النقاط الخمس,زوارة
ليبيا,شعبية الواحات,أوجلة
ليبيا,شعبية الواحات,إجخرة
ليبيا,شعبية الواحات,إجدابيا
ليبيا,شعبية الواحات,الزويتينة
ليبيا,شعبية الواحات,جالو
ليبيا,شعبية الواحات,مردة
ليبيا,شعبية بنغازي,بنغازي
ليبيا,شعبية بنغازي,دريانة
ليبيا,شعبية بنغازي,سلوق
ليبيا,شعبية بنغازي,قمينس
ليبيا,شعبية درنة,القبة
ليبيا,شعبية درنة,درنة
ليبيا,شعبية سبها,تمنهنت
ليبيا,شعبية سبها,سبها
ليبيا,شعبية سبها,سمنو
ليبيا,شعبية سبها,غدوة
ليبيا,شعبية سرت,السدر
ليبيا,شعبية سرت,النوفلية
ليبيا,شعبية سرت,بن جواد
ليبيا,شعبية سرت,بويرات الحسون
ليبيا,شعبية سرت,راس لانوف
ليبيا,شعبية طرابلس,جنزور
ليبيا,شعبية طرابلس,طرابلس
ليبيا,شعبية غات,العوينات
ليبيا,شعبية غات,غات
ليبيا,شعبية مرزق,أم الأرانب
ليبيا,شعبية مرزق,تراغن
ليبيا,شعبية مرزق,تمسة
ليبيا,شعبية مرزق,زويلة
ليبيا,شعبية مرزق,مرزق
ليبيا,شعبية مصراتة,بني وليد
ليبيا,شعبية مصراتة,تاورغاء
ليبيا,شعبية مصراتة,مصراتة
ليبيا,شعبية نالوت,بدر
ليبيا,شعبية نالوت,تمزين
ليبيا,شعبية نالوت,تيجي
ليبيا,شعبية نالوت,غدامس
ليبيا,شعبية نالوت,كاباو
ليبيا,شعبية نالوت,نالوت
ليبيا,شعبية وادي الحياة,أوباري
ليبيا,شعبية وادي الحياة,ابريك
ليبيا,شعبية وادي الحياة,الحطيه
ليبيا,شعبية وادي الحياة,الغريفة
ليبيا,شعبية وادي الحياة,الفخفاخه
ليبيا,شعبية وادي الحياة,القعيرات
ليبيا,شعبية وادي الحياة,تساوة وادي عتبة
ليبيا,شعبية وادي الحياة,توش
ليبيا,شعبية وادي الحياة,تويوه
ليبيا,شعبية وادي الحياة,جرمه
ليبيا,شعبية وادي الشاطئ,براك
موريتانيا,أدرار,أطار
موريتانيا,أدرار,أوجفت
موريتانيا,أدرار,شنقيط
موريتانيا,إينشيري,أكجوجت
موريتانيا,الترارزة,الركيز
موريتانيا,الترارزة,المذرذره
موريتانيا,الترارزة,بوتلميت
موريتانيا,الترارزة,روصو
موريتانيا,الترارزة,كرمسين
موريتانيا,الترارزة,واد الناقة
موريتانيا,براكْن,ألاك
موريتانيا,براكْن,بوكي
موريتانيا,براكْن,مقطع لحجار
موريتانيا,داخلة نواذيبو,نواذيبو
موريتانيا,غيديماغا,سيليبابي
موريتانيا,غيديماغا,ولد ينج
موريتانيا,كوركول,امبود
موريتانيا,كوركول,مقامة
موريتانيا,كوركول,مونكل
موريتانيا,نواكشوط,نواكشوط الجنوبية
موريتانيا,نواكشوط,نواكشوط الشمالية
موريتانيا,نواكشوط,نواكشوط الغربية
موريتانيا,ولاية الحوض الشرقي,آمرج
موريتانيا,ولاية الحوض الشرقي,النعمة
موريتانيا,ولاية الحوض الشرقي,باسكنو
موريتانيا,ولاية الحوض الشرقي,تمبدغة
موريتانيا,ولاية الحوض الشرقي,جكني
موريتانيا,ولاية الحوض الشرقي,ولاته
موريتانيا,ولاية الحوض الغربي,الطينطان
موريتانيا,ولاية الحوض الغربي,تامشكط
موريتانيا,ولاية الحوض الغربي,عيون العتروس
موريتانيا,ولاية الحوض الغربي,كوبني
موريتانيا,ولاية العصابة,باركيول
موريتانيا,ولاية العصابة,بومديد
موريتانيا,ولاية العصابة,كرو
موريتانيا,ولاية العصابة,كنكوصة
موريتانيا,ولاية العصابة,كيفة
موريتانيا,ولاية تكانت,المجرية
موريتانيا,ولاية تكانت,تجكجة
موريتانيا,ولاية تكانت,تيشيت
موريتانيا,ولاية تيرس زمور,فديرك